{
  "Baseline Linear (3 feat)": {
    "cv_r2": 0.8375475186980388,
    "cv_r2_std": 0.01793463975269763,
    "cv_rmse": 514612.4634134666,
    "cv_mae": 337694.460866208,
    "cv_mape": 47.91003569987799,
    "cv_coverage": 0.9612903225806452,
    "train_r2": 0.887839692956835,
    "overfit_gap": 0.050292174258796174,
    "per_type_r2": {
      "Tankschip": 0.735763623192174,
      "Motorvrachtschip": 0.859383850976738
    }
  },
  "Extended Linear (Ridge)": {
    "cv_r2": 0.6992660870149388,
    "cv_r2_std": 0.10672932036811861,
    "cv_rmse": 818247.7235075601,
    "cv_mae": 456755.8128342962,
    "cv_mape": 53.15382644656064,
    "cv_coverage": 1.0,
    "train_r2": 0.8360882513951721,
    "overfit_gap": 0.1368221643802333,
    "per_type_r2": {
      "Tankschip": 0.3254451322224526,
      "Motorvrachtschip": 0.8085752563865356
    }
  },
  "Log-Price GBM + LLM": {
    "cv_r2": 0.8022969432497831,
    "cv_r2_std": 0.07593891761417537,
    "cv_rmse": 678900.6042849559,
    "cv_mae": 330141.50515860494,
    "cv_mape": 37.67242273800052,
    "cv_coverage": 1.0,
    "train_r2": 0.8650148630160459,
    "overfit_gap": 0.06271791976626284,
    "per_type_r2": {
      "Tankschip": 0.6495390528995687,
      "Motorvrachtschip": 0.9048131950112172
    }
  },
  "LLM-Augmented Ridge": {
    "cv_r2": 0.7693499303086829,
    "cv_r2_std": 0.04713049858730448,
    "cv_rmse": 612357.2329864361,
    "cv_mae": 406915.0022494151,
    "cv_mape": 57.05109628054991,
    "cv_coverage": 0.9612903225806452,
    "train_r2": 0.7931934109386727,
    "overfit_gap": 0.023843480629989755,
    "per_type_r2": {
      "Tankschip": 0.6175094147921885,
      "Motorvrachtschip": 0.8181894964429679
    }
  },
  "Log-Price GBM": {
    "cv_r2": 0.8018059891138684,
    "cv_r2_std": 0.08821187747620331,
    "cv_rmse": 678237.5284932894,
    "cv_mae": 324709.77345462894,
    "cv_mape": 37.037210828433295,
    "cv_coverage": 1.0,
    "train_r2": 0.8577746940614214,
    "overfit_gap": 0.055968704947553016,
    "per_type_r2": {
      "Tankschip": 0.6412311512029598,
      "Motorvrachtschip": 0.9171318726218842
    }
  },
  "GBM Ensemble": {
    "cv_r2": 0.8219046445765358,
    "cv_r2_std": 0.056684879236765594,
    "cv_rmse": 641636.4806076604,
    "cv_mae": 360332.32174153154,
    "cv_mape": 44.845296566939204,
    "cv_coverage": 1.0,
    "train_r2": 0.932424775816135,
    "overfit_gap": 0.11052013123959925,
    "per_type_r2": {
      "Tankschip": 0.7461392740299762,
      "Motorvrachtschip": 0.8918605683356159
    }
  }
}